Peak Brightness Date/Time (UT),Latitude (deg.),Longitude (deg.),Altitude (km),Velocity (km/s),vx,vy,vz,Total Radiated Energy (J),Calculated Total Impact Energy (kt)
2020-01-24 11:13,28.0N,35.8W,32,21.2,-18.6,-9,-4.7,2.60E+10,0.092
2020-01-21 20:07,33.1N,34.3E,43.3,27.4,-7.5,-23.5,-11.9,2.80E+10,0.098
2020-01-17 21:29,19.4N,66.0W,14.5,15.5,-13.2,8.1,1.2,9.70E+10,0.29
2020-01-16 9:31,71.7S,116.4W,27.8,12.9,9.8,-4.5,7,5.90E+10,0.19
2020-01-06 11:03,70.4S,17.5W,,,,,,4.50E+10,0.15
2019-12-21 14:30,56.5N,147.6W,35.5,22.2,14.9,-8.1,-14.3,6.50E+10,0.21
2019-12-11 1:19,47.7N,161.7E,37,17.8,13.7,-10.9,-3.3,3.90E+10,0.13
2019-12-06 10:19,3.3S,37.7W,19.5,,,,,4.60E+10,0.15
2019-12-03 6:46,5.6N,52.2W,61.5,,,,,4.20E+10,0.14
2019-11-28 20:30,35.7N,31.7W,35,13,-11.6,-2.5,-5.4,2.70E+10,0.095
2019-11-28 13:22,,,,,,,,2.60E+10,0.092
2019-11-28 11:55,22.1S,25.7E,22.5,24.7,-22.8,-5.5,7.6,2.50E+10,0.089
2019-11-05 11:24,10.4S,143.4W,37,28.8,6.8,13.8,24.4,1.09E+11,0.33
2019-10-22 22:21,12.0N,76.0W,40.7,,,,,2.70E+10,0.095
2019-10-10 16:16,44.3N,122.9E,47.3,14.1,1.5,-12.9,-5.4,2.06E+11,0.57
2019-09-28 10:40,12.5S,107.2W,52,20.4,-10.1,11.2,13.7,2.30E+10,0.082
2019-09-27 13:35,25.7N,28.4W,,,,,,3.40E+10,0.12
2019-09-14 12:39,38.6S,33.5W,38,15.9,-12.9,8.1,4.6,1.09E+11,0.33
2019-09-13 2:02,18.6S,126.9E,27.4,13.5,5.2,-8.1,9.5,4.20E+10,0.14
2019-09-12 12:49,54.5N,9.2E,42,18.5,-18.1,-0.4,3.7,1.69E+11,0.48
2019-09-12 2:34,24.9N,47.8W,30.6,17.2,-11.7,11.7,4.6,5.90E+10,0.19
2019-08-24 12:02,21.9N,130.4W,39.8,13.4,11.1,-5.2,5.4,4.00E+10,0.13
2019-08-22 21:47,24.4S,92.9W,30.2,,,,,2.00E+10,0.073
2019-08-16 20:36,38.9N,7.0E,36,14.9,-3.9,4,-13.8,2.50E+10,0.089
2019-07-23 20:42,44.6N,147.6W,30.6,16.1,1.5,15.1,-5.5,2.55E+11,0.69
2019-06-30 16:52,21.2N,129.5W,59,42.3,25.2,31.2,-13.3,3.20E+10,0.11
2019-06-30 8:11,2.5S,168.7E,,,,,,2.10E+10,0.076
2019-06-22 21:25,14.9N,66.2W,25,14.9,-13.4,6,2.5,2.95E+12,6
2019-06-20 6:07,7.3N,67.6W,37,,,,,2.80E+10,0.098
2019-05-26 10:07,56.6N,25.3W,24.4,17.5,3.8,-5.8,16.1,4.20E+10,0.14
2019-05-25 6:44,19.2S,89.4E,29.2,15.8,0.2,-15.7,2.1,4.90E+10,0.16
2019-05-22 15:16,10.8N,37.3W,32.6,,,,,9.50E+10,0.29
2019-05-21 13:21,38.8S,137.5E,31.5,11.5,4.4,-8.5,6.4,6.56E+11,1.6
2019-05-19 14:47,23.6S,132.8E,33.3,15.2,7.3,-12.2,5.3,3.30E+10,0.11
2019-05-12 22:41,6.2N,57.1W,,,,,,2.10E+10,0.076
2019-05-04 15:35,28.4N,88.3W,26.5,,,,,2.20E+10,0.079
2019-04-22 21:42,48.8S,67.8E,33.3,11.4,3.4,-4.2,10,1.24E+11,0.37
2019-04-14 17:54,18.3N,74.6W,30.6,15.9,-2.5,5.9,-14.6,2.90E+10,0.1
2019-04-06 11:59,56.5N,94.9E,41.5,18.1,6.2,11.1,-12.9,7.00E+10,0.22
2019-04-04 22:19,35.3N,93.9W,,,,,,2.80E+10,0.098
2019-03-27 12:50,41.8S,7.4W,,,,,,2.20E+10,0.079
2019-03-19 2:06,24.0S,140.3E,28.7,16.2,10.2,0.4,12.6,2.00E+10,0.073
2019-03-15 12:26,63.7N,95.7E,31.5,14.4,5.4,-13.2,1.7,4.60E+10,0.15
2019-02-18 10:00,15.5S,25.3E,26,20.8,-16.6,-12.6,0.6,1.96E+12,4.2
2019-02-01 18:17,22.5N,83.8W,23.7,16.3,-2.4,13.6,8.7,5.79E+11,1.4
2019-01-29 20:47,,,,,,,,2.50E+10,0.089
2019-01-22 9:18,18.0N,6.5E,42.5,11.6,-8.6,-5.9,5,3.60E+10,0.12
2018-12-23 23:38,47.5S,174.4W,31.8,16.5,9.9,7.6,10.8,8.90E+10,0.27
2018-12-18 23:48,56.9N,172.4E,25.6,32,6.3,-3,-31.2,1.30E+14,173
2018-11-20 17:30,25.3N,6.7W,27.4,17.4,-10.1,13.9,3,4.22E+11,1.1
2018-11-17 21:48,47.3N,172.9W,32.5,19.1,7.6,17.3,-2.7,2.20E+11,0.61
2018-11-15 8:02,42N,57W,,,,,,2.00E+10,0.073
2018-11-14 4:03,37.6S,83.5E,37,,,,,3.80E+10,0.13
2018-10-24 21:19,6.7S,148.6W,33.3,,,,,4.70E+10,0.16
2018-10-22 7:11,,,,,,,,2.60E+10,0.092
2018-10-05 0:27,39.8S,31.7W,31.5,14.7,-13.2,-6.5,-0.4,3.80E+10,0.13
2018-09-25 14:10,23.5S,56.8E,33,16.5,-16.2,2.8,0.6,8.06E+11,1.9
2018-09-25 0:16,34.3S,44.9E,40.7,12.5,-11,2.5,-5.5,5.30E+10,0.17
2018-09-20 18:29,67.3S,75.1E,,11.1,-5.6,-7.9,5.5,8.30E+10,0.26
2018-09-17 1:08,6.8S,27.8W,,,,,,1.50E+11,0.43
2018-09-13 0:51,42.5N,50.1W,,,,,,4.20E+10,0.14
2018-08-27 4:36,1.7S,141.4E,33,16.1,9.8,-9.6,-8.4,2.40E+10,0.086
2018-08-21 12:26,39.2S,162.9W,37,,,,,2.20E+10,0.079
2018-07-27 9:35,58.8S,105.8E,32,,,,,1.05E+11,0.32
2018-07-25 21:55,76.9N,69.0W,43.3,24.4,20.4,12.9,-3.8,8.77E+11,2.1
2018-07-17 15:17,82.5N,136.7W,,,,,,2.11E+11,0.59
2018-06-26 17:51,32.0N,12.1E,63,14.1,-10,-1,-9.9,2.90E+10,0.1
2018-06-21 1:16,52.8N,38.1E,27.2,14.4,-8.9,-4.3,-10.5,1.22E+12,2.8
2018-06-02 16:44,21.2S,23.3E,28.7,16.9,0.9,-16.4,3.9,3.75E+11,0.98
2018-05-12 3:26,6.5S,173.7E,34,,,,,1.93E+11,0.54
2018-05-08 2:27,32N,60.7W,,,,,,7.30E+10,0.23
2018-05-03 7:23,46.9N,7.5W,39,11.5,1.3,-2.1,-11.2,3.80E+10,0.13
2018-04-30 13:17,45.5S,1.4W,34,13.1,8.7,-9.5,2.5,3.00E+10,0.1
2018-04-21 12:06,59.0S,45.8E,28.2,14.6,7.1,-4.6,11.9,3.60E+10,0.12
2018-04-19 14:02,7.5N,3.6E,30,20.9,-9.1,-2.5,18.6,7.20E+10,0.23
2018-04-19 13:39,22.2S,72.6E,31.5,10.9,-5.9,-9.1,1.4,5.12E+11,1.3
2018-04-07 3:05,72.4N,78.7W,31.5,,,,,8.60E+10,0.27
2018-02-21 1:28,13.5S,37.1W,31.5,13.1,-0.9,13.1,-0.4,7.10E+10,0.22
2018-02-15 13:38,43.8S,1.1W,50.7,,,,,2.70E+10,0.095
2018-02-12 2:15,15.9S,58.9W,,,,,,3.90E+10,0.13
2018-02-08 22:21,42.9N,179.7E,43.5,,,,,2.59E+11,0.7
2018-02-01 12:21,19.4S,104.3E,37,16.5,8.1,-8.4,-11.7,1.90E+11,0.53
2018-01-22 22:06,14.0N,17.4W,,,,,,3.20E+10,0.11
2018-01-15 2:18,52.0S,57.2E,43.6,23.7,18.6,-12.1,8.4,1.99E+11,0.56
2018-01-06 21:24,55.8N,52.5E,26,21,0.8,2.2,-20.9,2.80E+10,0.098
2018-01-06 18:24,39.5S,12.8E,26,,,,,3.60E+10,0.12
2017-12-31 9:36,63.5S,101.3W,64.5,,,,,4.40E+10,0.15
2017-12-29 12:47,14.6N,49.5W,38,,,,,1.10E+11,0.33
2017-12-28 17:45,,,,,,,,1.14E+11,0.34
2017-12-15 13:14,60.2N,170.0E,20,31.4,27.8,-4.7,-13.9,3.11E+12,6.4
2017-11-19 4:17,24.2S,135.0E,33.3,11.4,6.7,-3.4,8.6,2.80E+10,0.098
2017-10-26 22:05,21.3S,177.6E,42.5,,,,,5.58E+11,1.4
2017-10-23 15:31,28.8N,44.6E,35.4,16.7,-5.7,-10.7,-11.5,2.40E+10,0.086
2017-10-15 4:33,65.2S,128.2E,24.1,15.9,9.5,-8.3,9.7,3.30E+10,0.11
2017-10-09 12:51,18.3S,64.1W,,,,,,3.00E+10,0.1
2017-10-04 12:07,28.1N,99.4E,37,14.6,-8.5,-9,7.8,1.92E+11,0.54
2017-09-05 5:11,49.3N,116.9W,36,14.7,12.7,-6.1,-4.2,3.80E+10,0.13
2017-07-31 22:01,24.7N,118.5W,,,,,,5.80E+10,0.19
2017-07-23 6:12,6.6S,69.7W,38,17.2,-0.4,8.7,-14.8,3.50E+10,0.12
2017-07-13 9:30,23.1N,60.7E,35,13.7,-10,-6.5,-6.8,7.30E+10,0.23
2017-06-30 14:26,34.3S,134.5E,20,15.2,10.9,-9.7,4.2,9.40E+10,0.29
2017-06-23 20:21,57.0N,143.7E,35.1,24.3,17.7,13.1,-10.3,1.84E+11,0.52
2017-06-20 13:41,54.2S,133.0E,33.3,13.6,8.7,-5.7,8.8,6.36E+11,1.6
2017-05-24 7:03,9.1S,101.8E,46,18.4,-6.5,-16.5,-5,9.00E+10,0.28
2017-05-22 17:44,49.6S,157.6W,33,,,,,3.50E+10,0.12
2017-05-14 9:30,26.0S,32.4E,33,,,,,3.50E+10,0.12
2017-04-30 21:28,25.7S,56.2E,32.4,21.5,-13.4,-14.2,8.9,1.50E+11,0.43
2017-03-11 4:51,28.3N,60.2W,28,,,,,1.26E+12,2.9
2017-03-09 4:16,40.5N,18.0W,23,36.5,-15.3,25.8,-20.8,4.00E+11,1
2017-03-08 22:21,26.1S,174.9E,37,,,,,7.20E+10,0.23
2017-02-25 1:22,29.5N,13.5E,25.4,12.2,-7.6,-9.3,2.2,6.50E+10,0.21
2017-02-22 18:47,50.7S,66.0W,,,,,,3.80E+10,0.13
2017-02-18 19:48,6.2N,60.4E,38,24.2,-6.6,-22.7,-5.3,2.95E+11,0.79
2017-02-07 17:37,27.4S,14.8W,54,,,,,2.00E+10,0.073
2017-02-06 6:09,10.4N,131.6E,33.5,,,,,6.60E+10,0.21
2016-12-23 3:29,21.3N,49.3E,42,29.7,-22.4,16.4,-10.5,3.80E+10,0.13
2016-12-07 4:51,34.5S,126.6W,,,,,,1.17E+11,0.35
2016-11-29 8:05,30.6S,93.1W,,,,,,3.10E+10,0.11
2016-11-24 14:10,15.2S,80.3E,30.6,17.4,9.1,-11.2,9.7,1.38E+11,0.4
2016-11-03 17:14,39.6S,16.3W,37,,,,,7.60E+10,0.24
2016-10-01 20:23,36.2N,6.7E,27.8,14.2,-10,3.9,-9.3,3.10E+10,0.11
2016-09-22 4:57,51.8S,178.5E,40,17.5,-2.5,-3.3,17,7.10E+10,0.22
2016-09-14 15:01,3.5S,44.6E,54,18.3,3.5,-16.2,7.7,7.60E+10,0.24
2016-08-27 21:45,56.9S,162.2E,42,,,,,1.42E+11,0.41
2016-08-11 5:59,43.7S,53.8E,34.3,14.9,-0.7,-11.4,9.6,1.84E+11,0.52
2016-08-05 18:02,46.4N,171.6E,32.4,,,,,1.21E+11,0.36
2016-07-21 0:48,7.8N,1.6W,37,,,,,4.50E+10,0.15
2016-07-05 1:24,1.0N,48.6E,38.2,25.1,-10.3,-2,-22.8,1.53E+11,0.44
2016-06-27 10:02,15.8N,11.9W,33.3,29.1,-29.1,1.5,0.7,4.58E+11,1.2
2016-06-05 6:12,17.4S,138.3E,28.7,14.5,6,-11.9,5.7,3.31E+11,0.87
2016-06-02 10:56,33.8N,110.9W,,,,,,1.72E+11,0.49
2016-05-29 12:14,10.2N,48.8W,32,,,,,6.90E+10,0.22
2016-05-20 11:59,32.8S,15.1E,30.6,20.8,5.4,-9.9,17.5,2.00E+10,0.073
2016-05-16 10:09,3.2N,6.6E,41.7,12.2,-6.7,-3.3,-9.6,5.19E+11,1.3
2016-05-13 0:34,26.2N,122.3W,33,,,,,1.01E+11,0.31
2016-04-24 5:39,9.8N,42.8W,50,,,,,1.46E+11,0.42
2016-04-18 11:59,20.7N,14.5W,31.5,17.1,-3.5,2.2,-16.6,2.24E+11,0.62
2016-04-12 9:51,38.3N,162.2E,,,,,,2.00E+10,0.073
2016-04-10 14:57,22.0N,149.0E,35.2,15.1,4.7,-12.9,-6.4,6.55E+11,1.6
2016-03-16 23:54,49.2S,6.3W,42,13.3,-7.6,9.1,6,3.20E+10,0.11
2016-03-03 1:32,48.0S,51.0E,31.8,11.7,4.8,-7.1,7.9,5.80E+10,0.19
2016-02-23 3:59,32.3N,67.2E,44,17.9,-8.5,-1.6,-15.7,3.50E+10,0.12
2016-02-21 5:58,36.5N,37.2W,32,,,,,3.69E+11,0.96
2016-02-19 8:15,0.7N,11.6W,39.4,15.5,-14.9,-0.5,4.1,2.02E+11,0.56
2016-02-06 13:55,30.4S,25.5W,31,15.6,2.7,14.5,5,6.85E+12,13
2016-01-27 9:59,45.8S,53.6E,37,11.5,-10,-4.4,3.6,5.00E+10,0.16
2016-01-21 16:44,10.8S,0.7E,42.5,18.1,-3.8,-17.7,-1.2,4.60E+10,0.15
2015-12-30 13:07,33.8N,160.7W,39,,,,,2.20E+10,0.079
2015-12-21 2:32,5.9N,143.0E,42.2,12.1,6.4,-10,2.5,8.30E+10,0.26
2015-12-08 0:34,69.9S,150.5E,38,,,,,1.97E+11,0.55
2015-11-13 14:59,16.0N,124.3E,28,,,,,1.02E+11,0.31
2015-11-02 21:34,41.4S,33.0E,37,,,,,7.80E+10,0.24
2015-10-31 11:34,9.0N,138.0W,71,,,,,9.70E+10,0.29
2015-10-13 12:23,8.0S,52.5W,38.9,12.9,-6.6,3.8,10.4,2.30E+10,0.082
2015-10-11 0:07,55.4S,18.8W,,,,,,3.00E+10,0.1
2015-10-10 9:57,51.0S,21.1W,51.8,11.8,-1.3,-5.1,10.6,3.60E+10,0.12
2015-10-04 21:02,22.0N,171.6W,36.1,,,,,4.40E+10,0.15
2015-09-17 21:03,43.1S,94.9E,,,,,,9.80E+10,0.3
2015-09-14 23:50,5.8N,15.2W,,,,,,7.00E+10,0.22
2015-09-08 13:46,6.3N,29.9E,44.4,16.1,-11.5,-11.3,-0.9,2.00E+10,0.073
2015-09-07 1:41,14.5N,98.9E,29.3,21,16.8,-12,-3.8,1.80E+12,3.9
2015-09-02 20:10,39.1N,40.2E,39.8,24.1,10.3,-12.2,-18,3.70E+10,0.13
2015-07-19 7:06,20.6N,87.6W,22,17.8,9.4,13,7.8,2.30E+10,0.082
2015-07-12 22:23,31.0N,159.6E,41,,,,,2.20E+10,0.079
2015-07-04 1:40,38.6N,103.1E,46.3,49,0.9,-40.4,-27.7,5.60E+10,0.18
2015-06-14 3:03,6.3N,124.1E,32.4,31.9,-4.7,-17.8,-26,7.10E+10,0.22
2015-06-12 17:03,1.3S,32.1W,43.5,,,,,1.76E+11,0.5
2015-06-10 17:43,11.5S,161.9W,61.1,,,,,3.84E+11,1
2015-06-02 8:44,6.4S,142.7W,,,,,,3.80E+11,0.99
2015-05-20 10:20,1.0N,172.6E,32.4,,,,,3.60E+10,0.12
2015-05-18 17:13,32.4N,139.1E,29,,,,,4.30E+10,0.14
2015-05-10 7:45,46.3S,179.3W,29.6,12.2,11.2,0.9,4.7,1.43E+11,0.42
2015-05-07 20:34,21.5S,29.3W,37,17.3,-16.2,-5.8,1.4,5.20E+10,0.17
2015-04-30 10:21,48.7S,139.1E,26.7,12.9,12.2,-4.2,0.9,1.05E+11,0.32
2015-04-21 1:42,37.7N,39.6W,37.4,21.3,-15.3,12.8,7.4,8.80E+10,0.27
2015-04-10 1:14,42.8S,8.2E,,,,,,6.50E+10,0.21
2015-04-08 4:06,25.5S,51.5E,36.3,19.2,8,-15.6,-7.9,1.73E+11,0.49
2015-04-03 1:39,8.4N,157.9W,,,,,,4.20E+10,0.14
2015-03-30 21:33,36.1S,5.5W,33.1,13.8,-13.7,-1.7,0.8,6.40E+10,0.2
2015-03-18 0:04,5.4S,159.3E,50,,,,,1.21E+11,0.36
2015-03-11 6:18,8.0N,119.1E,35.2,19.9,5.5,-10.5,-16,7.20E+10,0.23
2015-03-08 4:26,39.1S,118.6W,,,,,,2.00E+10,0.073
2015-03-04 4:30,15.9S,88.1E,39.8,18,7.8,-16,-2.5,5.50E+10,0.18
2015-02-26 22:06,68.0N,149.0W,33.7,21.1,5.6,-2.3,-20.2,1.88E+11,0.53
2015-02-25 10:53,12.4N,122.4W,42,,,,,5.80E+10,0.19
2015-02-17 13:19,8.0S,11.2W,39,28.8,-28.2,3.4,4.6,3.30E+10,0.11
2015-01-09 17:31,23.3S,49.2W,,,,,,2.20E+10,0.079
2015-01-09 10:41,2.0N,28.8E,36,17.5,-10.7,-7.6,11.6,1.39E+11,0.41
2015-01-07 1:05,45.7N,26.9E,45.5,35.7,-35.4,1.8,-4.4,1.36E+11,0.4
2015-01-02 13:39,31.1S,140.0E,38.1,18.1,4.5,-14.4,-10,2.00E+10,0.073
2014-12-13 2:53,86.7N,162.1W,30.7,21.7,15.3,-13.3,-7.8,4.40E+10,0.15
2014-12-12 6:48,33.5N,144.9E,26.3,12,11.5,-2.8,-2.2,3.30E+10,0.11
2014-12-09 21:19,76.6N,96.3E,26.3,,,,,7.80E+10,0.24
2014-11-28 11:47,45.8S,172.7W,26.1,13.4,0.4,-1.4,13.3,7.00E+11,1.7
2014-11-27 12:12,18.8S,73.4W,38,,,,,5.50E+10,0.18
2014-11-26 23:16,69.5S,179.7W,23.3,25.3,21.3,2.2,13.4,1.18E+11,0.35
2014-11-26 17:40,68.2S,24.0W,37,19.9,-7,16.1,9.4,1.05E+11,0.32
2014-11-04 20:13,43.1N,115.8E,22.2,16,-7.2,-12.1,-7.7,1.56E+11,0.45
2014-10-21 18:55,22.2N,132.9W,,,,,,3.40E+10,0.12
2014-10-17 14:07,4.6S,66.3W,39,,,,,7.20E+10,0.23
2014-10-14 10:25,2.0S,119.2E,27.2,16.9,15,-6.9,-3.5,2.90E+10,0.1
2014-10-06 20:02,43.7S,85.7E,,,,,,3.90E+10,0.13
2014-09-09 18:55,3.2N,137.2E,32.5,,,,,2.80E+10,0.098
2014-09-05 21:37,22.7N,150.0W,,,,,,3.50E+10,0.12
2014-08-29 23:15,6.2S,49.9W,,,,,,2.60E+10,0.092
2014-08-28 3:07,3.2N,45.4W,,,,,,3.40E+10,0.12
2014-08-23 6:29,61.7S,132.6E,22.2,16.2,-2.3,5.7,16.5,3.82E+12,7.6
2014-07-29 7:38,49.2S,172.2W,,,,,,7.30E+10,0.23
2014-07-29 3:07,33.9S,115.9W,,,,,,5.30E+10,0.17
2014-06-28 2:40,18.9N,141.2E,26.3,12.4,12,3.5,-10.5,2.45E+11,0.67
2014-06-26 5:54,71.5S,93.4E,28.5,11.2,7,2.9,8.3,6.10E+10,0.2
2014-05-29 1:12,21.9N,131.1W,28.7,,,,,5.80E+10,0.19
2014-05-16 20:06,39.4S,95.9W,30.8,18,2.9,13.4,-12.5,1.36E+11,0.4
2014-05-16 12:42,44.2S,176.2W,44,16.5,14.4,4.6,6.5,3.09E+11,0.82
2014-05-08 19:42,36.9S,87.3E,35.4,19,-2,-16.1,9.9,1.05E+12,2.4
2014-03-29 13:45,28.7S,121.5E,30.7,16.3,10,-12.7,2.2,3.90E+10,0.13
2014-03-18 11:02,0.0N,111.8W,30.5,,,,,5.40E+11,1.3
2014-03-03 15:00,29.0S,94.9W,,,,,,9.40E+10,0.29
2014-02-18 12:50,32.8S,61.5W,,,,,,2.60E+10,0.092
2014-02-13 6:47,13.3N,110.7W,25,,,,,6.30E+11,1.5
2014-01-15 2:46,18.5S,141.8E,29.6,,,,,1.40E+11,0.41
2014-01-12 16:00,2.9N,64.4E,37,16.2,-5.2,-15.1,2.6,7.80E+10,0.24
2014-01-08 17:05,1.3S,147.6E,18.7,44.8,-3.4,-43.5,-10.3,3.10E+10,0.11
2013-12-23 8:30,39.5N,2.0E,34.3,15.1,-1.1,11.4,-9.9,1.47E+11,0.43
2013-12-08 3:10,32.8N,165.1W,23.5,11.8,2.3,2.5,-11.3,6.40E+10,0.2
2013-11-21 1:50,44.7N,35.3E,59.3,12.4,-5,-11,-2.7,7.50E+10,0.23
2013-10-12 16:06,19.1S,25.0W,22.2,12.8,-8,8.4,-5.5,1.61E+12,3.5
2013-10-09 17:27,,,,,,,,6.00E+10,0.19
2013-09-24 15:31,10.3S,164.7W,40.7,,,,,1.60E+11,0.46
2013-08-12 18:08,34.4S,118.2E,66.6,,,,,4.40E+10,0.15
2013-07-31 7:00,,,,,,,,3.90E+10,0.13
2013-07-31 3:50,31.8S,137.1E,29.1,17.8,17.7,-2.3,-0.1,6.90E+10,0.22
2013-07-30 2:36,50.2S,90.2E,25.6,18.8,15.9,-8.6,5.1,3.90E+11,1
2013-07-27 8:30,0.3N,156.2E,26.5,22.1,16,14.9,-3.3,1.20E+11,0.36
2013-07-26 11:32,21.0N,178.5W,37,,,,,2.00E+10,0.073
2013-07-18 0:46,,,,,,,,2.20E+10,0.079
2013-06-13 2:51,,,,,,,,2.20E+10,0.079
2013-06-01 22:49,65.6S,138.4E,28.9,,,,,3.40E+10,0.12
2013-05-14 23:20,3.0S,76.4E,,,,,,2.00E+10,0.073
2013-04-30 8:40,35.5N,30.7W,21.2,12.1,1,9,-8,5.11E+12,10
2013-04-21 6:23,28.1S,64.6W,40.7,14.9,5,14,1,1.07E+12,2.5
2013-03-12 10:32,32.7S,17.1E,26,,,,,2.90E+10,0.1
2013-02-20 13:13,23.0S,38.8W,,13.6,-11,-8,-1,3.20E+10,0.1
2013-02-15 3:20,54.8N,61.1E,23.3,18.6,12.8,-13.3,-2.4,3.75E+14,440
2013-02-07 13:12,18.8S,158.6W,,,,,,6.50E+10,0.21
2013-01-25 7:40,60.3N,64.6W,,,,,,3.40E+12,6.9
2013-01-12 3:04,15.1S,155.6W,36.1,,,,,4.80E+10,0.16
2012-12-30 7:25,17.3N,83.6W,,,,,,1.98E+11,0.55
2012-12-18 11:19,,,,,,,,2.70E+10,0.095
2012-11-20 20:37,2.5N,29.6E,33.3,14.3,-12.2,-5.3,5.3,2.50E+10,0.089
2012-11-20 6:25,8.0S,86.0W,,,,,,1.20E+11,0.36
2012-10-25 15:57,,,,,,,,3.00E+10,0.1
2012-10-19 16:26,75.4S,49.6E,29.3,13.2,-2.3,-3.9,12.4,2.30E+10,0.082
2012-10-09 0:54,51.2N,84.6W,27.8,13.5,3.4,12,5.1,2.10E+11,0.58
2012-10-03 22:50,41.5S,21.9W,,17,-2.4,5.5,15.9,2.80E+11,0.75
2012-10-02 16:38,8.1S,111.9W,35,15.4,1.4,15.3,1,4.70E+11,1.2
2012-09-28 5:44,6.9S,73.7E,,,,,,3.80E+10,0.13
2012-09-18 19:34,1.2N,52.2W,28.1,18.3,-1.9,14.1,-11.5,2.44E+11,0.67
2012-09-11 22:07,18.9S,105.2E,,,,,,5.20E+10,0.17
2012-09-10 1:03,69.8S,111.7W,23.8,16.9,-10.2,-5.2,12.4,2.30E+10,0.082
2012-08-27 6:57,18.3S,64.2E,38.7,28.9,-8,-23.7,-14.5,6.80E+10,0.22
2012-08-26 14:55,11.8N,117.0E,36,12.7,5,-11.6,-0.7,2.49E+11,0.68
2012-08-13 5:31,,,,,,,,3.30E+10,0.11
2012-07-27 4:19,63.1N,172.3E,27.2,,,,,3.40E+10,0.12
2012-07-25 7:48,36.4N,41.5E,26.8,18.5,0.8,2,-18.4,1.33E+11,0.39
2012-06-05 7:44,,,,,,,,2.40E+10,0.086
2012-05-25 11:31,41.8S,36.2W,,,,,,6.00E+10,0.19
2012-05-22 8:31,,,,,,,,2.11E+11,0.59
2012-05-15 11:04,61.8S,135.5W,33.3,17.1,-0.8,1.1,17,1.32E+11,0.39
2012-05-04 21:54,76.7N,10.6W,,,,,,2.29E+11,0.63
2012-04-23 22:01,36.2N,107.4E,25.2,,,,,4.40E+10,0.15
2012-04-21 16:08,15.8S,174.8W,,,,,,1.43E+11,0.42
2012-04-19 22:12,5.5N,16.8E,,,,,,3.00E+10,0.1
2012-04-02 16:50,28.1N,95.2W,,,,,,3.20E+10,0.11
2012-03-12 6:40,2.5N,139.8E,25,11.8,0.1,-11.8,0.3,9.90E+10,0.3
2012-03-03 21:28,7.8N,2.7E,20.4,,,,,1.01E+11,0.31
2012-03-01 3:12,46.9N,29.8W,,,,,,2.20E+10,0.079
2012-02-24 19:11,22.7S,30.8E,,,,,,3.70E+10,0.13
2012-02-17 10:47,3.2S,39.9W,45.6,,,,,1.54E+11,0.44
2012-02-12 5:25,31.7S,54.9E,61,,,,,1.40E+11,0.41
2012-02-04 14:42,32.4N,0.1E,34.2,12.2,-3.9,10.9,4,1.50E+11,0.43
2012-01-15 12:26,64.1S,109.9E,26.3,12.3,-1.9,5.1,11,2.10E+10,0.076
2012-01-11 2:23,32.2N,88.5E,,,,,,8.50E+10,0.26
2011-12-19 11:35,30.2S,52.6E,36.1,,,,,1.35E+11,0.4
2011-12-14 5:01,62.9S,89.6E,32.4,,,,,5.00E+10,0.16
2011-12-11 17:29,,,,,,,,2.90E+10,0.1
2011-11-20 5:25,27.9S,116.3E,,,,,,2.30E+10,0.082
2011-10-12 7:13,26.4S,78.4W,,,,,,3.60E+10,0.12
2011-09-13 23:36,19.9S,13.8W,21.3,16.7,-3.7,1.8,16.2,6.70E+10,0.21
2011-08-31 9:44,18.6N,5.1W,,,,,,2.70E+10,0.095
2011-08-20 20:01,27.2S,2.8W,,,,,,2.30E+10,0.082
2011-08-18 14:55,,,,,,,,2.30E+10,0.082
2011-08-11 2:56,,,,,,,,3.50E+10,0.12
2011-08-04 7:25,40.7S,86.7W,63,,,,,2.80E+10,0.098
2011-07-27 23:00,45.3S,63.5E,29.6,,,,,4.40E+10,0.15
2011-07-07 23:25,,,,,,,,3.30E+10,0.11
2011-07-05 15:42,29.1N,139.7E,40.7,,,,,6.50E+10,0.21
2011-07-04 9:18,51.7S,175.0E,,,,,,2.90E+10,0.1
2011-06-16 11:51,67.3N,21.4W,40.5,,,,,2.40E+10,0.086
2011-05-25 5:40,4.1N,14.0E,59,11.6,-3.4,-10.8,2.4,2.28E+12,4.8
2011-05-16 13:39,1.2S,92.8E,,,,,,2.00E+10,0.073
2011-04-27 20:38,1.4N,126.6W,28.7,,,,,2.20E+11,0.61
2011-04-27 11:21,,,,,,,,2.40E+10,0.086
2011-04-17 11:21,,,,,,,,2.40E+10,0.086
2011-04-06 8:30,71.1N,43.5W,22.2,12.7,3.3,11.8,-3.5,1.48E+11,0.43
2011-03-24 20:23,0.6N,127.5W,59,,,,,5.80E+10,0.19
2011-03-23 4:24,,,,,,,,3.10E+10,0.11
2011-03-23 4:16,16.8S,85.6W,,,,,,2.20E+10,0.079
2011-03-01 10:37,53.5N,103.9E,30.6,11.9,-6.7,-1.1,-9.8,3.70E+10,0.13
2011-02-21 5:07,26.3N,43.7E,44.4,18,10.3,-14.8,0.1,3.90E+10,0.13
2011-02-12 11:00,7.8N,95.3W,,,,,,2.00E+10,0.073
2011-01-21 15:11,18.9N,44.6W,61,,,,,7.20E+10,0.23
2011-01-08 19:38,33.3N,125.8W,48,,,,,2.90E+10,0.1
2010-12-25 23:24,38.0N,158.0E,26,18.1,18,-2,-4,2.00E+13,33
2010-12-14 0:27,4.9S,175.5E,24,,,,,3.90E+10,0.13
2010-12-09 2:54,54.5S,169.7W,66,,,,,6.30E+10,0.2
2010-12-01 6:31,72.5S,144.9E,33.3,,,,,1.33E+11,0.39
2010-11-21 14:45,1.9N,143.3E,50,,,,,8.10E+10,0.25
2010-11-19 7:25,10.3S,148.8E,30,,,,,3.30E+10,0.11
2010-11-10 8:26,74.5N,77.7W,,,,,,6.80E+10,0.22
2010-11-09 13:05,56.3S,16.7W,37,,,,,8.60E+10,0.27
2010-11-09 6:56,14.0S,160.0W,26,,,,,2.00E+10,0.073
2010-10-27 11:27,14.1S,67.7E,35.2,,,,,1.45E+11,0.42
2010-10-08 9:58,,,,,,,,2.00E+10,0.073
2010-09-24 12:02,67.4S,50.6W,,,,,,5.00E+10,0.16
2010-09-18 5:04,7.4N,36.7E,,,,,,6.70E+10,0.21
2010-09-08 19:51,13.9S,65.5W,46.3,,,,,6.50E+10,0.21
2010-09-05 23:37,25.9S,49.0E,35.2,,,,,6.83E+11,1.7
2010-09-03 12:04,61.0S,146.7E,33.3,12.3,9.8,-3.5,6.5,1.75E+12,3.8
2010-08-17 4:19,20.7N,114.3W,33.3,,,,,2.10E+10,0.076
2010-07-15 1:49,60.9N,178.1W,,,,,,2.40E+10,0.086
2010-07-06 23:54,34.1S,174.5W,26,15.7,12.1,10,0.2,7.56E+12,14
2010-06-26 6:04,0.5S,133.2E,50,,,,,1.13E+11,0.34
2010-06-21 6:42,22.5S,120.9W,,,,,,1.63E+11,0.47
2010-06-17 4:24,26.1S,100.0E,42,,,,,1.19E+11,0.35
2010-04-17 2:21,13.1N,173.0W,,,,,,5.60E+10,0.18
2010-04-16 4:38,1.8N,176.9W,22.2,18.8,12.4,-13.2,-5.2,8.44E+11,2
2010-04-06 18:33,52.8N,146.5W,,,,,,8.00E+10,0.25
2010-03-18 16:11,32.4S,51.8W,,,,,,1.75E+11,0.5
2010-03-15 15:55,,,,,,,,8.00E+10,0.25
2010-03-14 18:44,33.8N,90.2W,35.6,,,,,4.20E+10,0.14
2010-03-08 22:44,18.2N,110.1E,53,,,,,3.00E+10,0.1
2010-03-08 22:02,32.0N,92.9W,52,24.5,19.1,11,10.7,3.23E+11,0.85
2010-02-28 22:24,48.7N,21.0E,37,15.1,-11.7,2.7,-9.1,1.53E+11,0.44
2010-02-26 22:46,37.3S,166.0W,,,,,,2.37E+11,0.65
2010-02-24 19:55,2.6S,102.2W,,,,,,9.30E+10,0.28
2010-01-15 19:17,8.3S,27.0E,25,14,-9.1,6,8.8,4.92E+11,1.2
2009-12-31 16:24,,,,,,,,8.30E+10,0.26
2009-12-31 12:50,37.9N,178.3W,20.7,,,,,1.02E+11,0.31
2009-11-25 1:36,52.8S,136.5E,,,,,,6.40E+10,0.2
2009-11-21 20:53,22.0S,29.2E,38,32.1,3,-17,27,1.00E+13,18
2009-11-18 17:36,,,,,,,,8.50E+10,0.26
2009-11-18 7:07,40.4N,113.2W,31.5,,,,,7.36E+11,1.8
2009-11-14 19:58,,,,,,,,2.30E+10,0.082
2009-11-07 11:31,45.5N,157.7W,,,,,,2.20E+10,0.079
2009-11-07 10:41,24.0N,64.1E,37,,,,,4.20E+10,0.14
2009-10-11 12:49,78.3S,70.2E,27.8,,,,,7.10E+10,0.22
2009-10-08 2:57,4.2S,120.6E,19.1,19.2,14,-16,-6,2.00E+13,33
2009-09-27 22:22,36.0S,67.6W,37,,,,,8.90E+10,0.27
2009-09-18 20:13,7.7N,29.5W,,,,,,1.44E+11,0.42
2009-09-04 2:23,42.5N,110.0E,28.3,24,19.2,-11.6,-8.5,9.65E+11,2.3
2009-08-23 21:17,67.7S,18.3E,34,12.2,-6.9,5.3,8.5,2.80E+11,0.75
2009-07-31 2:13,8.9N,121.9W,,,,,,2.50E+10,0.089
2009-07-16 6:39,24.4S,59.8W,32.2,,,,,7.27E+11,1.8
2009-07-03 4:02,,,,,,,,2.70E+10,0.095
2009-06-27 13:08,26.6S,12.6W,26.1,15.2,-11.6,1.6,9.7,3.20E+10,0.11
2009-06-20 11:04,,,,,,,,2.70E+10,0.095
2009-06-18 4:39,23.7S,16.0W,57.4,,,,,3.30E+10,0.11
2009-06-09 22:42,54.9N,152.7W,34.2,,,,,2.81E+11,0.76
2009-05-31 6:05,19.7N,121.0W,,,,,,1.43E+11,0.42
2009-05-13 20:20,,,,,,,,7.30E+10,0.23
2009-05-04 11:39,36.4N,160.4W,40.7,,,,,1.40E+11,0.41
2009-04-20 4:01,6.0N,84.3E,,,,,,2.20E+10,0.079
2009-04-10 18:42,44.7S,25.7E,32.4,19.1,-18.9,2.6,0.3,2.70E+11,0.73
2009-03-04 0:38,,,,,,,,1.70E+11,0.48
2009-02-20 12:15,64.9S,70.0W,,,,,,5.00E+10,0.16
2009-02-07 19:51,56.6N,69.8E,40,15.4,-2.4,-1.9,-15.1,1.60E+12,3.5
2009-01-12 22:24,47.8N,44.3W,,,,,,4.80E+10,0.16
2009-01-10 7:42,64.0S,122.8E,26.5,,,,,2.30E+10,0.082
2008-12-24 15:51,68.9S,102.0W,21.1,24.1,-13.4,18,8.8,3.50E+10,0.12
2008-12-12 11:36,7.0S,9.7W,50,,,,,2.16E+11,0.6
2008-12-09 6:08,,,,,,,,3.40E+10,0.12
2008-11-24 22:01,57.9S,146.1E,34.8,23.7,21.5,10,0.4,1.46E+11,0.42
2008-11-21 0:26,53.1N,109.9W,28.2,12.9,3.9,-4.1,-11.6,1.42E+11,0.41
2008-11-18 9:41,29.4S,75.9E,35.2,22.4,-4,-15.2,-16,2.50E+10,0.089
2008-11-09 2:38,14.5N,112.7E,29.6,,,,,2.22E+11,0.61
2008-10-21 2:20,32.8N,165.6W,29.6,11.3,9.6,5.8,1.5,4.60E+10,0.15
2008-10-10 9:34,57.3S,17.0E,21.4,,,,,1.80E+11,0.51
2008-10-07 2:45,20.9N,31.4E,38.9,13.3,-9,9,3.8,3.95E+11,1
2008-09-09 9:49,,,,,,,,5.90E+10,0.19
2008-08-16 14:40,11.3N,97.2E,,,,,,1.31E+11,0.38
2008-08-12 11:44,11.6S,175.0W,,,,,,2.00E+10,0.073
2008-08-07 6:07,18.5N,180.0E,45.4,13.8,6.5,-12.1,1.7,4.10E+10,0.14
2008-07-23 14:45,38.6N,68.0E,31.5,14.5,-7.7,-8.2,-9.1,1.21E+11,0.36
2008-07-22 19:34,17.8S,89.2W,54.4,,,,,6.10E+10,0.2
2008-07-11 14:35,,,,,,,,5.20E+10,0.17
2008-07-08 15:55,72.8N,147.3E,52.2,21.7,-12.9,1.9,-17.4,6.60E+10,0.21
2008-07-01 17:40,37.1N,115.7W,36.1,9.8,2.8,1.7,-9.2,3.60E+10,0.12
2008-06-27 2:01,26.9S,17.7W,33.7,23.1,-17.9,13,6.6,1.72E+11,0.49
2008-06-18 13:45,6.1N,103.1E,,,,,,2.10E+10,0.076
2008-05-29 21:23,15.7N,83.5W,,,,,,2.10E+10,0.076
2008-05-24 10:18,0.8N,162.0E,37,14.2,7.9,3.1,11.4,1.50E+11,0.43
2008-05-22 20:50,46.9N,134.5E,,,,,,2.10E+10,0.076
2008-05-06 1:08,,,,,,,,5.70E+10,0.18
2008-04-30 1:18,33.6S,35.1W,,,,,,2.00E+10,0.073
2008-04-06 16:03,,,,,,,,7.70E+10,0.24
2008-03-15 11:29,28.0N,41.5W,26.7,12.9,-4.1,4.8,-11.2,5.00E+10,0.16
2008-02-24 19:33,,,,,,,,7.40E+10,0.23
2008-02-19 13:30,48.9N,119.8W,,,,,,2.00E+10,0.073
2008-02-18 8:51,,,,,,,,5.00E+10,0.16
2008-02-17 12:19,74.9N,73.4W,40.4,13.9,-5.8,-10.7,-6.7,1.10E+11,0.33
2008-02-16 8:38,,,,,,,,7.10E+10,0.22
2008-01-18 1:17,,,,,,,,4.40E+10,0.15
2008-01-09 3:53,66.8S,67.3W,31.5,11.6,4.3,5.7,9.1,4.10E+10,0.14
2007-12-26 6:46,61.6S,158.9W,,,,,,1.36E+11,0.4
2007-12-20 17:00,51.3N,115.4E,,,,,,1.22E+11,0.36
2007-10-25 19:35,40.9S,91.3E,46.3,,,,,5.80E+10,0.19
2007-10-12 9:14,88.5N,116.6E,37,18.4,-4.5,-14.1,-10.9,3.30E+10,0.11
2007-10-07 13:31,35.2S,125.6E,,,,,,5.80E+10,0.19
2007-09-22 17:57,49.2S,85.5W,30.2,16.9,-9.2,13.6,3.8,2.37E+11,0.65
2007-06-11 9:47,23.4S,170.9W,35.2,17,16.7,-2.1,-2.2,4.90E+10,0.16
2007-06-08 13:32,52.0S,175.3E,38.9,,,,,2.35E+11,0.65
2007-06-07 21:28,21.9N,53.1E,29.6,,,,,3.10E+10,0.11
2007-05-16 16:20,4.5S,111.7E,,,,,,3.80E+10,0.13
2007-05-16 4:45,42.4S,164.0E,31.5,,,,,4.00E+11,1
2007-05-04 17:52,22.9N,109.4E,48,,,,,1.75E+11,0.5
2007-04-18 12:44,83.7S,171.2W,38,24.4,-5.3,-2.5,23.7,1.12E+11,0.33
2007-04-16 14:56,,,,,,,,2.40E+10,0.086
2007-03-17 6:48,7.1N,4.1E,32.5,14.5,-7.3,-1.9,-12.4,4.00E+10,0.13
2007-03-15 2:20,44.1S,148.4W,,,,,,2.50E+10,0.089
2007-03-07 15:16,,,,,,,,2.70E+10,0.095
2007-02-02 12:48,24.0N,37.2W,35.5,,,,,3.40E+11,0.89
2007-01-26 22:22,3.7N,99.7E,,,,,,1.47E+11,0.43
2007-01-22 7:24,45.4N,53.5E,32,13.4,-3.3,-12.8,-1.9,7.60E+10,0.24
2007-01-18 13:51,5.3N,164.3W,34.1,,,,,3.20E+10,0.11
2007-01-17 9:50,8.7S,50.8E,33.3,,,,,5.48E+11,1.4
2007-01-01 11:43,44.4N,116.5E,53,,,,,3.60E+10,0.12
2006-12-09 6:31,26.2N,26.0E,26.5,15.9,4.9,-15,1.6,7.41E+12,14
2006-12-07 11:42,14.0N,140.0W,,,,,,2.10E+10,0.076
2006-12-01 6:09,13.0S,30.7E,,,,,,6.30E+10,0.2
2006-11-13 15:16,44.0S,43.3E,,,,,,2.30E+10,0.082
2006-10-24 8:42,1.9S,2.7W,43,,,,,2.25E+11,0.62
2006-10-14 18:10,49.4N,175.0W,44.4,23.9,4.9,23.4,-1,2.58E+11,0.7
2006-10-09 4:45,47.0S,78.9E,22.2,,,,,4.10E+10,0.14
2006-10-07 12:18,23.0S,61.8W,40.7,,,,,4.10E+10,0.14
2006-10-02 19:10,14.0N,53.1E,42,,,,,9.00E+10,0.28
2006-09-27 8:33,32.0S,60.2E,48.1,,,,,1.07E+11,0.32
2006-09-23 18:52,29.0S,108.0W,,,,,,1.21E+11,0.36
2006-09-02 17:57,,,,,,,,2.20E+10,0.079
2006-09-02 4:26,14.0S,109.1E,44.1,14.2,10,-9.9,1.5,1.23E+12,2.8
2006-08-29 1:38,44.0S,162.0W,40.7,,,,,9.20E+10,0.28
2006-08-18 0:03,43.0S,33.4E,47.2,,,,,3.20E+10,0.11
2006-08-17 10:43,11.0S,165.7E,48.2,,,,,2.56E+11,0.7
2006-08-15 10:52,4.9N,49.6E,32.7,,,,,4.70E+10,0.16
2006-08-09 4:30,23.1S,53.7E,37,,,,,1.02E+12,2.4
2006-07-15 23:55,78.3S,5.0W,29.6,12.4,0.1,2,12.2,8.50E+10,0.26
2006-07-15 15:22,31.1N,45.6E,38.9,30.2,9.2,-1.2,-28.7,1.63E+11,0.47
2006-06-07 0:06,69.2N,22.5E,40.7,19.6,6.1,4.6,-18,5.90E+10,0.19
2006-05-28 1:32,,,,,,,,2.60E+10,0.092
2006-05-21 7:51,11.6S,25.5W,,,,,,2.63E+11,0.71
2006-05-07 17:45,,,,,,,,3.00E+10,0.1
2006-05-06 15:39,60.2S,152.3W,35.2,,,,,1.28E+11,0.38
2006-04-25 18:46,,,,,,,,2.00E+10,0.073
2006-04-08 13:16,17.3N,113.2W,33.3,,,,,1.27E+11,0.37
2006-04-04 11:30,26.6N,26.6W,25,,,,,2.40E+12,5
2006-03-14 3:21,7.0N,64.6W,35.2,,,,,1.44E+11,0.42
2006-02-26 7:30,,,,,,,,7.00E+10,0.22
2006-02-06 1:57,54.5S,18.1E,35.2,,,,,1.19E+12,2.7
2006-02-04 8:38,36.9N,143.6W,38.9,19.8,-8.8,3.4,-17.4,1.00E+11,0.3
2006-01-28 3:33,51.7S,56.4E,37,18.7,8.4,-16.4,3.2,7.40E+11,1.8
2006-01-27 1:27,58.7N,74.7E,20,,,,,4.50E+10,0.15
2006-01-26 0:00,79.8S,111.0W,37,,,,,5.30E+10,0.17
2006-01-10 23:25,29.8N,12.7W,32.4,16.9,-9.9,-6.3,-12.2,2.80E+10,0.098
2006-01-08 5:20,7.6N,28.2W,,,,,,9.40E+10,0.29
2005-12-29 10:05,3.0S,154.9W,42.2,20.7,18.6,8.5,3.2,1.90E+11,0.53
2005-12-24 15:30,54.0S,17.3E,66,,,,,1.81E+11,0.51
2005-12-03 12:45,33.8S,117.4E,32.2,17,-12.1,-9.6,7.2,8.80E+10,0.27
2005-12-01 10:40,6.4S,155.8W,,,,,,3.20E+10,0.11
2005-11-29 7:33,7.6N,58.2W,59.3,,,,,3.20E+10,0.11
2005-11-15 5:19,26.3N,113.4W,32.4,,,,,2.50E+10,0.089
2005-11-11 20:34,21.4N,134.1W,29.6,,,,,4.20E+10,0.14
2005-11-09 7:33,31.0S,145.9E,30.7,13.8,13.5,-2.7,-0.7,7.30E+10,0.23
2005-11-02 7:04,33.9N,154.9W,68.5,,,,,3.20E+10,0.11
2005-11-02 5:16,22.9N,123.8W,74,,,,,6.70E+10,0.21
2005-10-26 21:30,36.3S,80.5W,16.7,,,,,1.38E+11,0.4
2005-09-30 19:04,2.8S,84.1W,53,,,,,2.20E+10,0.079
2005-09-14 1:08,11.6N,27.3E,33.3,,,,,2.50E+10,0.089
2005-09-02 7:59,13.5N,73.1E,,,,,,8.20E+10,0.25
2005-08-20 12:10,,,,,,,,2.70E+10,0.095
2005-08-09 14:35,21.5S,56.2E,37,16.9,-16.3,4.3,1.4,2.50E+10,0.089
2005-07-01 22:36,49.8S,33.1E,50,,,,,3.10E+10,0.11
2005-06-18 19:40,47.9N,85.6E,,,,,,2.30E+10,0.082
2005-06-05 1:56,34.8N,90.9E,,,,,,4.10E+10,0.14
2005-06-03 8:15,31.0S,90.3W,29.6,26.2,-1.5,25.3,6.7,8.20E+10,0.25
2005-05-27 14:12,48.9S,145.1E,50.5,,,,,2.00E+10,0.073
2005-05-14 13:02,,,,,,,,1.29E+11,0.38
2005-05-07 9:31,75.8S,163.7E,15.2,16.6,9.6,-9.7,9.4,2.60E+10,0.092
2005-05-02 20:10,17.7N,36.0E,,,,,,4.60E+10,0.15
2005-04-22 11:18,20.9N,36.7W,37,,,,,2.20E+10,0.079
2005-04-19 7:37,50.2S,146.4W,38.5,16.8,9.3,13.8,2.5,2.32E+11,0.64
2005-04-16 10:40,,,,,,,,2.00E+10,0.073
2005-04-15 6:54,43.8S,73.9W,39,,,,,2.10E+10,0.076
2005-04-14 14:05,4.9N,176.0W,26.5,,,,,7.10E+10,0.22
2005-04-11 5:20,34.2S,95.7W,37,,,,,1.06E+11,0.32
2005-04-06 1:30,42.7S,154.6E,70,,,,,2.90E+10,0.1
2005-04-05 17:48,,,,,,,,3.50E+10,0.12
2005-04-03 1:45,1.0S,112.4E,59.2,,,,,2.19E+11,0.61
2005-04-02 22:52,14.1N,169.7E,27.2,,,,,2.04E+11,0.57
2005-03-31 22:15,42.8N,36.2W,,,,,,3.80E+10,0.13
2005-03-18 16:48,9.7S,34.7W,33,,,,,2.70E+10,0.095
2005-03-12 22:16,,,,,,,,2.20E+10,0.079
2005-03-09 15:47,21.4S,157.9W,44.4,,,,,5.30E+10,0.17
2005-03-09 12:49,14.3N,142.7E,30.7,,,,,4.00E+10,0.13
2005-03-06 17:32,,,,,,,,5.50E+10,0.18
2005-02-17 22:52,48.0N,161.5W,42.5,,,,,1.00E+11,0.3
2005-01-19 1:43,27.5S,164.9W,40.7,,,,,1.41E+11,0.41
2005-01-02 23:09,21.3S,154.7E,35.2,21.5,20.2,-3.3,6.6,1.19E+11,0.35
2005-01-01 3:44,32.7N,12.4E,31.8,,,,,4.54E+11,1.2
2004-12-29 7:11,8.5S,171.8E,,,,,,9.00E+10,0.28
2004-12-13 11:35,9.7S,155.3E,,,,,,3.90E+10,0.13
2004-12-11 15:36,36.0N,104.1E,,,,,,3.00E+10,0.1
2004-11-30 8:32,61.0N,171.0W,,,,,,1.81E+11,0.51
2004-11-17 3:13,,,,,,,,1.86E+11,0.52
2004-10-14 11:41,,,,,,,,9.30E+10,0.28
2004-10-10 11:05,,,,,,,,3.00E+10,0.1
2004-10-07 13:14,27.3S,71.5E,35,19.2,-15.3,1,11.6,1.04E+13,18
2004-10-04 4:39,3.7N,150.9W,,,,,,7.10E+10,0.22
2004-09-28 8:57,0.2N,101.1W,,,,,,6.20E+10,0.2
2004-09-03 12:07,67.7S,18.2E,31.5,,,,,7.26E+12,13
2004-08-22 10:01,51.9S,22.7E,37,,,,,1.44E+12,3.2
2004-07-29 12:41,,,,,,,,2.50E+10,0.089
2004-07-25 5:29,,,,,,,,1.97E+11,0.55
2004-07-22 3:34,,,,,,,,3.50E+10,0.12
2004-07-16 0:11,,,,,,,,2.90E+10,0.1
2004-07-04 16:58,,,,,,,,7.90E+10,0.25
2004-07-03 20:47,,,,,,,,6.50E+10,0.21
2004-06-12 7:13,21.7N,175.3E,,,,,,1.04E+11,0.31
2004-06-11 15:41,,,,,,,,1.04E+11,0.31
2004-06-05 20:34,1.3N,174.4W,43,19.5,9.4,17,-1.5,1.81E+12,3.9
2004-06-04 13:41,,,,,,,,3.39E+11,0.89
2004-06-03 21:59,,,,,,,,4.70E+10,0.16
2004-06-03 9:40,48.9N,120.4W,,,,,,5.40E+10,0.18
2004-05-18 11:12,28.1S,47.4W,,,,,,3.94E+11,1
2004-05-17 2:08,18.9S,28.3E,44,,,,,5.50E+10,0.18
2004-05-06 2:22,,,,,,,,4.90E+10,0.16
2004-04-23 0:33,,,,,,,,5.60E+10,0.18
2004-04-22 21:19,15.2S,55.1E,,,,,,1.39E+11,0.41
2004-04-22 4:21,44.3S,83.3E,29.6,16.3,8.5,-12.1,-6.8,6.24E+11,1.5
2004-04-06 3:24,12.0S,162.8E,35,25.6,10.5,-23.2,-2.9,4.33E+11,1.1
2004-03-26 16:35,7.6S,155.1E,46,,,,,2.40E+10,0.086
2004-03-25 9:39,4.8S,21.0E,,,,,,2.10E+10,0.076
2004-02-27 1:18,,,,,,,,6.00E+10,0.19
2004-02-02 18:52,18.3S,52.3E,,,,,,3.00E+10,0.1
2004-01-22 1:06,50.6S,157.8E,37,,,,,2.32E+11,0.64
2004-01-17 20:11,,,,,,,,2.80E+10,0.098
2004-01-16 11:17,,,,,,,,9.80E+10,0.3
2004-01-02 4:27,28.2S,3.2E,63,,,,,1.34E+11,0.39
2003-12-09 22:36,67.1S,90.8W,,,,,,6.43E+11,1.6
2003-11-26 2:00,22.9S,22.7E,32,,,,,3.50E+10,0.12
2003-11-10 13:54,64.5S,136.2E,23,20.1,14.8,-8.7,10.4,5.18E+11,1.3
2003-11-01 14:09,51.4S,151.7E,,,,,,7.30E+10,0.23
2003-10-16 0:47,,,,,,,,2.85E+11,0.77
2003-10-13 14:06,,,,,,,,3.00E+10,0.1
2003-10-07 0:23,,,,,,,,3.70E+10,0.13
2003-09-27 12:59,21.0N,86.6E,26,18.2,-1,-5.4,-17.3,2.15E+12,4.6
2003-09-22 3:45,,,,,,,,3.30E+10,0.11
2003-09-21 7:40,,,,,,,,2.00E+10,0.073
2003-09-20 19:04,,,,,,,,3.00E+10,0.1
2003-09-02 20:00,51.3N,161.0W,,,,,,3.85E+11,1
2003-08-26 22:08,,,,,,,,7.20E+10,0.23
2003-08-26 8:44,,,,,,,,2.49E+11,0.68
2003-08-17 13:16,39.0S,34.0E,,,,,,6.47E+11,1.6
2003-08-01 4:09,,,,,,,,2.10E+10,0.076
2003-07-21 5:11,,,,,,,,5.80E+10,0.19
2003-06-22 22:53,,,,,,,,2.10E+10,0.076
2003-06-21 14:49,,,,,,,,3.80E+10,0.13
2003-06-16 17:17,,,,,,,,6.50E+10,0.21
2003-06-10 14:11,41.8S,122.9E,,,,,,3.20E+10,0.11
2003-05-27 23:32,5.2N,166.2E,,,,,,6.80E+10,0.22
2003-05-19 3:38,,,,,,,,5.21E+11,1.3
2003-05-18 7:51,,,,,,,,2.10E+10,0.076
2003-05-15 6:28,54.0N,80.4W,,,,,,4.30E+10,0.14
2003-04-28 13:06,,,,,,,,2.30E+10,0.082
2003-04-13 17:58,14.8N,64.5E,17,,,,,1.75E+11,0.5
2003-04-07 9:25,18.4S,162.6E,,,,,,2.20E+10,0.079
2003-04-01 4:40,,,,,,,,3.10E+10,0.11
2003-03-27 5:50,41.4N,87.7W,45,,,,,1.42E+11,0.41
2003-02-25 23:13,40.0N,116.0E,,,,,,3.30E+10,0.11
2003-02-12 23:45,,,,,,,,7.90E+10,0.25
2003-02-12 2:37,31.5S,107.5E,,,,,,1.20E+11,0.36
2003-02-06 17:00,62.9S,113.9W,,,,,,1.97E+11,0.55
2003-02-05 6:16,,,,,,,,1.03E+11,0.31
2003-02-04 14:07,59.9S,41.0E,,,,,,1.35E+11,0.4
2003-01-30 6:02,,,,,,,,1.07E+11,0.32
2002-11-28 15:41,,,,,,,,4.60E+10,0.15
2002-11-21 0:11,1.4S,154.0W,,,,,,2.40E+11,0.66
2002-11-12 21:49,21.1S,6.8W,,,,,,4.30E+10,0.14
2002-11-10 22:13,16.0N,166.0W,,,,,,4.60E+11,1.2
2002-10-09 12:00,4.3S,175.9W,,,,,,4.90E+10,0.16
2002-10-04 10:08,,,,,,,,1.17E+11,0.35
2002-09-24 16:48,57.9N,112.9E,,,,,,8.60E+11,2
2002-08-14 7:48,6.9S,126.2W,,,,,,9.00E+10,0.28
2002-08-11 20:42,18.2S,159.4E,,,,,,1.51E+12,3.3
2002-08-10 18:01,,,,,,,,2.50E+10,0.089
2002-07-25 15:57,28.7S,47.0E,,,,,,2.30E+11,0.63
2002-07-22 11:16,34.0N,106.1E,,,,,,5.30E+10,0.17
2002-06-29 16:31,,,,,,,,1.59E+11,0.46
2002-06-15 11:51,,,,,,,,2.90E+10,0.1
2002-06-13 15:29,24.9S,111.4E,,,,,,1.91E+11,0.54
2002-06-02 4:28,34.0N,21.0E,,,,,,4.50E+12,8.8
2002-04-03 19:10,5.3S,27.1E,,,,,,1.82E+11,0.51
2002-04-02 2:36,,,,,,,,3.20E+10,0.11
2002-03-28 21:29,,,,,,,,2.70E+10,0.095
2002-03-19 5:56,,,,,,,,8.30E+10,0.26
2002-03-19 2:56,,,,,,,,5.30E+10,0.17
2002-03-18 14:44,60.4S,120.5W,,,,,,2.00E+10,0.073
2002-03-09 1:20,6.9N,147.3W,,,,,,2.49E+11,0.68
2002-03-03 21:10,37.5N,154.0E,,,,,,8.20E+10,0.25
2002-03-01 3:53,29.2N,66.8W,,,,,,3.80E+10,0.13
2002-02-09 19:50,17.7S,138.7E,,,,,,7.00E+10,0.22
2002-02-01 19:07,60.7N,116.6E,,,,,,7.00E+10,0.22
2002-01-20 16:42,48.4N,165.0W,,,,,,1.04E+11,0.31
2002-01-03 12:19,,,,,,,,1.23E+11,0.36
2001-12-14 17:58,,,,,,,,1.51E+11,0.44
2001-12-12 16:56,,,,,,,,9.80E+10,0.3
2001-11-26 6:51,,,,,,,,1.92E+11,0.54
2001-11-13 10:58,,,,,,,,3.12E+11,0.83
2001-11-11 12:14,,,,,,,,1.30E+11,0.38
2001-10-27 19:20,52.7N,3.8E,,,,,,3.60E+10,0.12
2001-10-14 12:03,,,,,,,,8.90E+10,0.27
2001-10-12 3:11,,,,,,,,6.20E+10,0.2
2001-10-06 6:29,,,,,,,,1.58E+11,0.45
2001-09-25 11:54,,,,,,,,4.20E+10,0.14
2001-08-26 16:08,,,,,,,,3.80E+10,0.13
2001-08-18 13:57,,,,,,,,4.00E+10,0.13
2001-07-26 21:20,0.4N,84.8E,,,,,,3.26E+11,0.86
2001-07-23 22:19,41.0N,77.0W,,,,,,1.24E+12,2.8
2001-05-06 4:30,,,,,,,,5.00E+10,0.16
2001-04-27 9:46,,,,,,,,1.30E+11,0.38
2001-04-23 6:12,28.0N,133.6W,29,,,,,4.60E+12,9
2001-04-14 6:40,,,,,,,,2.40E+10,0.086
2001-04-13 0:29,15.3S,162.4E,,,,,,2.51E+11,0.68
2001-02-09 21:27,,,,,,,,1.08E+11,0.32
2001-02-04 5:53,64.0S,97.3E,,,,,,1.51E+11,0.44
2001-01-28 16:19,66.0N,31.3E,,,,,,1.08E+11,0.32
2000-12-15 13:22,41.3N,95.2E,,,,,,2.62E+11,0.71
2000-12-15 3:46,50.4N,58.9E,,,,,,2.70E+10,0.095
2000-11-28 12:20,,,,,,,,1.19E+11,0.35
2000-11-13 0:28,13.6S,5.8W,,,,,,6.60E+10,0.21
2000-11-06 7:18,52.0S,22.2W,,,,,,6.90E+10,0.22
2000-10-11 23:29,31.7S,5.5W,,,,,,8.10E+10,0.25
2000-09-24 6:57,,,,,,,,2.70E+10,0.095
2000-09-23 4:00,58.5S,142.6E,,,,,,2.20E+10,0.079
2000-09-19 22:12,3.2S,133.8W,,,,,,8.90E+10,0.27
2000-08-25 1:12,14.5N,106.1W,,,,,,1.39E+12,3.1
2000-08-13 3:00,36.7N,127.8W,,,,,,6.50E+10,0.21
2000-08-01 16:48,50.2S,101.9W,,,,,,1.82E+11,0.51
2000-07-31 7:06,15.7N,138.5W,,,,,,3.80E+10,0.13
2000-07-19 17:40,17.7S,94.1E,,,,,,1.07E+11,0.32
2000-07-09 1:08,,,,,,,,1.21E+11,0.36
2000-07-07 1:34,15.0N,140.7E,,,,,,6.50E+10,0.21
2000-06-27 10:06,34.9N,36.8E,,,,,,2.70E+10,0.095
2000-06-23 9:03,69.2N,44.0W,,,,,,2.00E+10,0.073
2000-06-22 20:02,32.9N,159.0E,,,,,,3.00E+10,0.1
2000-06-18 13:40,,,,,,,,1.33E+11,0.39
2000-06-14 16:39,28.1N,107.3E,48,,,,,1.45E+11,0.42
2000-06-04 3:17,,,,,,,,1.90E+11,0.53
2000-06-03 3:24,36.8N,74.8W,,,,,,3.00E+10,0.1
2000-06-02 18:44,27.5S,18.9W,,,,,,3.00E+10,0.1
2000-05-29 16:46,,,,,,,,6.00E+10,0.19
2000-05-06 11:51,49.9N,18.4E,,,,,,2.80E+10,0.098
2000-05-03 10:40,5.0S,73.0E,,,,,,5.90E+10,0.19
2000-04-21 13:42,,,,,,,,8.60E+10,0.27
2000-04-04 13:38,,,,,,,,2.30E+10,0.082
2000-03-28 15:27,1.0N,98.3E,,,,,,6.30E+10,0.2
2000-03-19 5:11,,,,,,,,4.90E+10,0.16
2000-03-06 8:29,58.0N,175.0E,,,,,,9.60E+11,2.2
2000-02-18 9:25,0.9S,109.2E,,,,,,3.62E+12,7.3
2000-02-17 14:22,14.2N,115.9E,,,,,,2.20E+10,0.079
2000-01-18 16:43,60.3N,134.6W,,,,,,1.05E+12,2.4
2000-01-18 8:33,24.3N,94.9W,,,,,,3.50E+10,0.12
1999-12-16 0:07,26.5S,11.3W,,,,,,6.70E+10,0.21
1999-12-11 17:31,,,,,,,,2.73E+11,0.74
1999-12-10 18:56,,,,,,,,2.80E+10,0.098
1999-12-03 17:24,,,,,,,,4.20E+10,0.14
1999-12-01 19:38,,,,,,,,2.30E+10,0.082
1999-11-30 2:18,,,,,,,,4.50E+10,0.15
1999-11-15 20:01,8.1S,75.4E,,,,,,7.40E+10,0.23
1999-11-07 17:53,2.3S,77.4W,,,,,,8.90E+10,0.27
1999-10-26 17:19,13.7N,70.8W,,,,,,8.60E+10,0.27
1999-09-08 23:55,22.4N,0.2E,,,,,,2.80E+10,0.098
1999-09-08 14:41,32.5N,104.6E,32,,,,,9.00E+10,0.28
1999-08-16 5:18,35.0N,107.2W,,,,,,3.60E+10,0.12
1999-08-06 3:22,,,,,,,,6.80E+10,0.22
1999-08-03 18:25,64.7S,18.8W,,,,,,3.56E+11,0.93
1999-07-10 8:11,37.8S,39.6E,52,,,,,3.26E+11,0.86
1999-07-07 4:14,39.5S,174.4E,,,,,,1.40E+11,0.41
1999-06-25 6:27,50.0N,121.0E,69,,,,,1.24E+11,0.37
1999-05-23 7:02,16.4S,116.3W,,,,,,2.60E+10,0.092
1999-04-26 11:33,22.5S,6.5E,,,,,,9.20E+10,0.28
1999-04-26 9:49,32.8S,159.1E,,,,,,3.30E+10,0.11
1999-03-31 23:54,17.9S,22.6E,,,,,,2.34E+11,0.64
1999-03-28 15:37,0.8N,97.6E,,,,,,3.04E+11,0.81
1999-03-02 22:23,18.9N,50.5E,,,,,,5.90E+10,0.19
1999-02-18 23:15,54.9S,64.6W,,,,,,1.54E+11,0.44
1999-02-01 14:24,80.0N,154.2E,,,,,,2.80E+10,0.098
1999-01-19 2:32,7.9N,85.8E,,,,,,2.40E+10,0.086
1999-01-14 8:06,44.0S,129.7W,32,,,,,5.06E+12,9.8
1999-01-12 19:24,,,,,,,,4.30E+10,0.14
1999-01-11 5:18,,,,,,,,2.40E+10,0.086
1999-01-02 18:25,47.0N,103.0E,65,,,,,3.50E+10,0.12
1998-12-22 9:24,,,,,,,,2.70E+10,0.095
1998-11-23 20:20,82.3N,160.1E,,,,,,2.50E+10,0.089
1998-11-11 16:46,6.5N,156.4E,,,,,,6.56E+11,1.6
1998-10-03 12:58,,,,,,,,3.20E+10,0.11
1998-09-04 9:16,,,,,,,,1.28E+11,0.38
1998-09-01 11:15,34.6N,23.6E,,,,,,2.40E+10,0.086
1998-08-30 0:20,,,,,,,,4.10E+10,0.14
1998-08-08 12:55,,,,,,,,2.30E+10,0.082
1998-07-28 14:16,,,,,,,,6.30E+10,0.2
1998-03-24 9:08,,,,,,,,2.70E+10,0.095
1998-03-22 22:25,1.4N,26.6E,,,,,,1.40E+11,0.41
1998-01-08 16:10,,,,,,,,6.20E+10,0.2
1998-01-04 23:00,35.1S,33.4E,30,17.1,6,-10.6,12,7.40E+10,0.23
1997-12-28 3:58,23.1S,152.4E,,,,,,3.10E+10,0.11
1997-12-09 8:15,62.7N,49.9W,,,,,,2.70E+11,0.73
1997-11-07 7:46,57.3S,167.2E,,,,,,8.00E+11,1.9
1997-10-09 18:47,31.8N,106.0W,37,,,,,1.90E+11,0.53
1997-10-01 14:26,46.7N,108.9E,,,,,,6.20E+10,0.2
1997-09-30 12:31,38.1S,63.9E,,,,,,2.30E+10,0.082
1997-09-05 11:41,31.1S,56.4E,,,,,,1.90E+11,0.53
1997-08-20 17:16,,,,,,,,2.60E+10,0.092
1997-08-15 1:05,,,,,,,,2.20E+10,0.079
1997-07-30 3:01,,,,,,,,5.00E+10,0.16
1997-07-04 12:22,15.8S,175.8W,,,,,,2.70E+10,0.095
1997-05-22 8:30,,,,,,,,4.50E+10,0.15
1997-04-27 22:34,16.7N,87.5E,,,,,,3.25E+11,0.86
1997-02-19 4:31,16.3S,87.7W,,,,,,1.40E+11,0.41
1997-02-15 15:23,35.5N,115.6E,,,,,,1.50E+11,0.43
1997-02-06 18:28,,,,,,,,2.60E+10,0.092
1997-01-28 17:49,,,,,,,,2.40E+10,0.086
1997-01-23 10:03,15.0S,94.2E,,,,,,2.70E+11,0.73
1997-01-22 21:13,32.2N,29.0E,,,,,,4.80E+11,1.2
1997-01-04 6:46,25.7N,5.3W,,,,,,4.30E+10,0.14
1997-01-03 15:08,,,,,,,,3.50E+11,0.92
1996-12-17 4:16,34.1N,37.2W,,,,,,4.10E+10,0.14
1996-12-10 6:09,,,,,,,,2.50E+11,0.68
1996-12-04 17:00,,,,,,,,4.90E+10,0.16
1996-12-01 13:19,,,,,,,,6.20E+10,0.2
1996-11-22 10:06,,,,,,,,6.80E+10,0.22
1996-11-08 16:02,,,,,,,,6.10E+10,0.2
1996-10-30 12:48,2.1S,123.1W,,,,,,2.10E+10,0.076
1996-10-28 4:46,27.4N,79.4W,,,,,,4.30E+10,0.14
1996-10-23 8:28,47.3S,20.6E,,,,,,4.40E+10,0.15
1996-10-19 19:01,29.7N,34.7W,,,,,,1.30E+11,0.38
1996-10-07 17:43,,,,,,,,4.50E+10,0.15
1996-10-05 19:21,49.6S,145.9E,,,,,,2.50E+11,0.68
1996-08-17 15:46,,,,,,,,3.40E+10,0.12
1996-08-15 16:07,,,,,,,,8.40E+10,0.26
1996-08-09 18:14,,,,,,,,3.00E+10,0.1
1996-08-07 3:16,,,,,,,,1.50E+11,0.43
1996-08-06 4:50,,,,,,,,1.30E+11,0.38
1996-08-05 19:27,,,,,,,,2.20E+11,0.61
1996-08-05 15:19,,,,,,,,8.00E+10,0.25
1996-07-17 3:16,31.8N,111.4E,,,,,,5.00E+10,0.16
1996-07-12 14:04,20.7N,93.6W,,,,,,3.20E+10,0.11
1996-06-25 11:22,,,,,,,,2.10E+10,0.076
1996-05-08 1:02,,,,,,,,2.80E+10,0.098
1996-05-01 13:19,,,,,,,,3.50E+10,0.12
1996-03-31 0:53,,,,,,,,2.70E+10,0.095
1996-03-30 4:03,31.1S,84.3W,,,,,,1.20E+11,0.36
1996-03-29 20:30,21.5N,158.1W,,,,,,1.28E+11,0.38
1996-03-25 17:00,,,,,,,,4.40E+10,0.15
1996-03-13 8:31,,,,,,,,2.30E+11,0.63
1996-02-16 7:03,,,,,,,,5.50E+10,0.18
1996-02-15 2:38,76.0N,127.0W,,,,,,5.00E+10,0.16
1996-01-18 17:10,,,,,,,,1.20E+11,0.36
1996-01-15 13:44,59.8S,175.8E,,,,,,2.60E+11,0.71
1995-12-27 12:55,,,,,,,,2.20E+10,0.079
1995-12-22 13:26,70.2S,73.3W,,,,,,4.50E+11,1.1
1995-12-09 19:54,2.9S,79.0W,,,,,,1.20E+11,0.36
1995-11-25 5:29,,,,,,,,2.90E+10,0.1
1995-11-13 3:10,,,,,,,,2.10E+10,0.076
1995-10-01 2:42,,,,,,,,3.50E+10,0.12
1995-09-09 7:38,,,,,,,,5.00E+11,1.3
1995-08-24 21:54,,,,,,,,1.20E+11,0.36
1995-08-17 16:39,,,,,,,,1.60E+11,0.46
1995-08-06 4:38,,,,,,,,5.50E+10,0.18
1995-08-05 17:14,11.6N,104.3W,,,,,,2.00E+11,0.56
1995-07-11 18:38,28.5S,93.3E,,,,,,1.30E+11,0.38
1995-07-09 18:20,0.9S,66.3E,,,,,,2.50E+10,0.089
1995-07-07 17:33,40.2N,76.1W,,,,,,1.40E+11,0.41
1995-06-09 9:28,,,,,,,,2.50E+10,0.089
1995-04-02 12:32,,,,,,,,2.50E+10,0.089
1995-02-16 13:05,16.7N,141.7W,,,,,,6.00E+10,0.19
1995-01-18 10:17,51.5N,115.4E,,,,,,7.00E+10,0.22
1995-01-10 21:08,,,,,,,,2.50E+10,0.089
1995-01-02 20:41,,,,,,,,3.00E+10,0.1
1994-12-18 12:45,,,,,,,,5.00E+10,0.16
1994-12-16 9:41,42.2S,27.6E,,,,,,5.00E+10,0.16
1994-11-03 20:01,6.5N,89.0E,,,,,,2.35E+12,5
1994-11-01 6:50,1.5S,84.5W,,,,,,1.00E+12,2.3
1994-10-27 4:21,,,,,,,,3.20E+11,0.85
1994-10-20 0:11,45.2S,1.9W,,,,,,8.70E+10,0.27
1994-10-08 3:24,,,,,,,,6.60E+10,0.21
1994-09-22 4:22,,,,,,,,6.70E+10,0.21
1994-08-15 23:16,,,,,,,,1.64E+11,0.47
1994-06-15 0:02,45.0N,73.5W,,,,,,4.10E+10,0.14
1994-06-03 20:48,,,,,,,,5.09E+11,1.3
1994-05-29 9:30,52.8N,2.3E,,,,,,3.84E+11,1
1994-02-01 22:38,2.7N,164.1E,,,,,,1.82E+13,30
1993-11-29 17:48,26.5N,78.3E,,,,,,2.60E+10,0.092
1993-10-31 3:39,51.3N,100.9W,,,,,,4.00E+10,0.13
1991-10-04 9:22,78.7N,6.3E,,,,,,5.50E+11,1.4
1990-10-01 3:51,7.5N,142.8E,,,,,,2.50E+12,5.2
1988-04-15 3:03,4.1S,124.3E,,,,,,7.58E+12,14